sequence,target
GTAGCGGCGCATGC,1
GCCTGCCACTTCCT,1
GAGAGGAGGGGTGT,1
GGGCAGGGCCGAGG,1
AGACGGGCCGCGCC,1
CTAGGCCGGAGCGT,1
AGGAGGCGGAGGGA,1
GCGTAGGGAGGCGG,1
ACCTCTGATCATTC,1
AGCAAGAACAGCAC,1
AGCCCCCGGAGGGA,1
GCCATCGCCAACTT,1
CGAAAGATTCGAAA,1
AGGAGGGCGGGAGA,1
TGGGGCGGAGCCAT,1
CCGCTCGTCGGCTG,1
GGCCGCGCCCACCA,1
GGTGCGGCGAGCGG,1
GCGCAGCCTTATCC,1
GCGGCCAGATGGGG,1
TGGGGGCGTAGCGC,1
GCGCGGCGAGGAGA,1
GGGAGGCGTGGCGC,1
GTCGTGGGCCGTGG,1
TTTGCCCTCCCCCT,1
GCGGCGGGCCCGGG,1
CGAGGGCTGGGCCG,1
GTTGGGCCGAAACA,1
GCCAGTGGGCACGG,1
GATGAAGACGAGGA,1
CTCGCCGCAGATAT,1
AGTATGGAGAGCGG,1
CTGAGCAGGGCGGG,1
CTGGGCTGGGCCAC,1
AAGTTAGGGGAGAC,1
GAGAGGGGGCTAAA,1
GGGCGGGCCCGGGC,1
CGCGGTCGCTGGAA,1
CACCTGACTCAGAG,1
CGTGGAGGGGCGGG,1
AGGCCGCGGCGACA,1
GCGGGCGACGGGAT,1
GCGGGGCAGGAAGA,1
GGCCGCCGCGCAGG,1
CCCCCCAGTGGGAG,1
CCCCGTGCGGGAGC,1
GAGGGGCCGGGAGC,1
GGTGCTCTCCGTCG,1
GCGGCGGGGCCCGC,1
AGGCGGGGCGGAGA,1
GCGGACCTGTAAGA,1
GCCGGAAGCGTGGG,1
GGTGGGGCCGGCGG,1
AGAGTTGCGGGCTC,1
TTCCGGGGAAAGTC,1
CGGGCGCTCCCTTG,1
CGTCCTACTCCGCC,1
CGCAGAGAGGGCGG,1
AAATGGTGGGTGGG,1
CCCCGCGGGGGAGG,1
ATCCCGCCCACGGG,1
ATCCCCGCCCTCCG,1
GCCTGATGCAAAAC,1
AAAGCTAGTAGCTG,1
CACGCAACAGGCTT,1
AGGTGGCGGCGGCC,1
GGAGAGCGGGCGGC,1
TACTGCAGGGGGCG,1
GTGGGAAGATGGCG,1
GGGGGCAGGGACTG,1
GTTAGGGGTCCGGA,1
GGCCTCTCTTGTGA,1
AGCAGCCCAAGGGC,1
GCAGCCACCAAGGG,1
GGGTCCAGGGGGCG,1
GGACGGGCGGCGGG,1
GAGGGGGCCGGGCG,1
CCTGCCCACCGCCC,1
CTGGGGTTGGGAGG,1
GGGTTGGGGGCGGG,1
GAGTGGTGGGGGCG,1
GACCCGAACGGGGG,1
GCGAGACGAAGATG,1
GCCCCGGGGGCGGG,1
GAAGCTTTGTTTAG,1
ATCCGTTTCCGGGT,1
GGAGAGATGTCGGG,1
GGCTCTGGAGGGTG,1
CGCCTCCGCTGAAC,1
TCCGTTGCGCGCCT,1
AGAAGGAGGGAGGG,1
GGCTCGGAGCCTCC,1
CGAGGAAACTAACT,1
GCGGGGCGGGGCGC,1
GGGAGGGGGCGATA,1
GAGCCGGGGCACCA,1
CGGGCTCCGTTCTG,1
ATATGGGCGCGGGG,1
GCGGGAGGCGGCGG,1
AGGGGCGGGGGCAC,1
AGGGCAGCCAATCA,1
TGGAGGCGTGCGAG,1
TAACCGGAGAGAGC,1
GCTGGGAGGCGGGC,1
GGGGCAGCTGAGTT,1
TCCAGCGCTCACGC,1
AGAGCCCGGGGCGG,1
GCGCGCCCGGGACC,1
ACCGCGGTGGGGAG,1
TCGCGCGCCGGCTG,1
CGGGGCCGCGCTCG,1
GGGAAGGGGCCCTC,1
GGTGCCGGGGCGGG,1
GCCTGCTATTGGCT,1
ATGAGGACTGCGGG,1
GAGGGAGAGAAAGA,1
GGGCGGGGGCGGAG,1
GTGAGGAGCAGCAG,1
GGGCGGGGGCGGGG,1
GCGGAGCCTCGGGC,1
GACCGGGGGGAGGG,1
GTGGAGCTGGAGGA,1
AGGGGGCGGGGAGG,1
GGCGGACGCGAGGA,1
CACGCGCACAGCCG,1
CTCTAGCCGCGAGA,1
GGCTGCGGGGCGGG,1
GGGGCGGGGGTGGC,1
CGGGGGGCGGAGCA,1
ATGAGCTCTGGGCG,1
GCCGCTCCCTTCCC,1
TGGCGGGGCGGGGG,1
GGTGAGGGGCCATG,1
CGCACCGCACGATA,1
GACCCGAACGGGGG,1
AGCCTCAAGCTGTC,1
CAGCTCGGGGCGGT,1
TCGGACCCCAGCCC,1
TTAGCGCCTTTTTA,1
GCGGGGCGGCGGCG,1
CAACGCGAGGGTGG,1
GGAGCGGGAGCGGG,1
CGCCCAGGGCAGTG,1
TCAGCCCCGGCCTC,1
GAGCCCCGCGCGGA,1
CATTGAGAGCGGAG,1
CCAGCACGCGGCAA,1
ATCAGAGGGCCTAG,1
CCCCTCCCCGGACG,1
GGAGGCGGGGCCTG,1
CCGCTTCCCTGGTG,1
GCGGTGGCGCTCCT,1
GCGGGGAAGGACCC,1
GGCTCTCGGCGCGC,1
TAACGCAGCGCTGG,1
CCCAGGGCGGGGAA,1
GCGCGCTCCCTTCT,1
GGAGCCAGGAGGGT,1
GCGCGCGTGGGCGT,1
GGGGGAGGGGAGGA,1
GCTGGGCGGCTCCG,1
CCCGACCTGCCCCA,1
GGGTGGCTGGCGGT,1
ATCCGGCCCATTGG,1
GGTGGAGGAGCGTG,1
GCCCCGAGCGCCTG,1
GCGGCGGGCGAGGG,1
GTCAGACGCTTTAG,1
CTTGGGCGTGGGGG,1
CGGGGCGGAGCCCT,1
TGGAAAGGGCTGGG,1
CCTGGGTGAGAGGA,1
CGGGCTTAGAACGC,1
CGGGACTTCCTCTC,1
GCGGAACCGCTGCT,1
CGCGCGCGGGCGAG,1
GATTGAAGGAGACC,1
CGCGGACTACAAGT,1
GTTGGCAGCTGGCG,1
GCGCGCTCGCGAGC,1
CGTGGCGAAGAGGG,1
AGCGGCGAGTGGGA,1
CGGCTCCCGCGGCC,1
CCTGTCTGGGCCTC,1
ATAGGGGAGGTGGG,1
CGGGGCGGGGACTC,1
GAAGGGGGCGGGAC,1
GTGCGAGGGTGATA,1
TGGCGGGGCGGGGG,1
TTGGCTATGGGCCC,1
TAGAAGCCAGGGGA,1
CACAGATTAAGCTC,1
TTGCCTGGCGCCTC,1
CCGCCCCGCCCCGC,1
TCCTGGGCCCTACA,1
CACGGTCCGTCTGC,1
GCGCCCCGCAGGGG,1
CTCGCAGGCGCAGG,1
CGGCCCACGCGGCG,1
TCAAACCCAGCTCT,1
GAGGAGCCGAGCTC,1
GCGGCGCCTCCAGG,1
CTGCAGCCGCGCCG,1
GCGGGGGCGTCGTG,1
GCCTGCGAGGCGGG,1
GGAGCTGGGCGGAG,1
CGGGACGTGGGCGA,1
CGTGGAGGGGCGGG,1
GGGAAGCAGGTCCG,1
GGACCAGGGATGGG,1
CGGCCCACGCGGCG,1
GGGCGCGGGCTTGG,1
CGCTCCCCGGCGGC,1
CACGCGCTCGCTCT,1
GCTCCGCCGACCCG,1
GCGGCGGGTGCGGG,1
AGGGGGAGGGCAAA,1
CCAGTTGAGGGCCG,1
GGCCTCTGCGAGCT,1
GAGAACAGGTGTCC,1
GCGAAACCGAGGGG,1
GGGCGAGGGGGCGG,1
GGGGCGGGGCCGGC,1
GCGCAGGGTGGACC,1
AACGGGAGCTGTGC,1
TTGGGCCCTCCTGG,1
CAAAGACGGTCACG,1
GCGGGGCGGGGCCG,1
GCGCGGGGCGGCAT,1
CGCTGTAGCAGTGA,1
GTGCCTGAGCCGAA,1
GAGAAGGCGAAGGG,1
CGGGCCGGAGTGGG,1
GCTCTGCGGGGAGG,1
CGGTTCGGGGGCGG,1
GAGGGGGCGGAGCG,1
GGGCGGGTCCTGGG,1
CGGCGAGGGGCGGG,1
AGAAGTAAGAGAAT,1
GGGGAGGGCAGAGG,1
ACCCTGCTGGCTGC,1
GGTTCGGTCCGACA,1
CAGCCTTCAGGGGA,1
CAGGCGTGTGGCGG,1
AGGCGCGGGGAGCC,1
CTCTAGCCGCGAGA,1
CAGCTTCTGAGATC,1
CGGGGGCGGGGCCG,1
AAGTGGGAAGTGGA,1
GGGGCCGCGCGGCG,1
GTGCGGGGGTGGGG,1
GGCACGAGGCCGAG,1
TGGGCTGCGGCACC,1
GGAGCTGGGGGGCG,1
CTGGGCGGTGCCGG,1
ATCAGTCCCGGGGG,1
GCCGGGCGGAGCCG,1
CAGGACGGGGCCGA,1
GCGGGGCTGCGCGG,1
TGGGGCGGGGCTGA,1
GCGGCGGGCGAGGG,1
CAAAAGCAGAAGGT,1
CAAGGAGTAGGGCG,1
CGAGGCGGGTTCTT,1
GGGGATGGGGTGAG,1
GCCCCCGCGGCGGG,1
GTGTTGGGGTGGGA,1
TTGGAGGGACGCCA,1
GGGGTTAAGGGGGC,1
GGGTCGAGAGCGCT,1
GAGGCCGGCAGCGC,1
GGATGCGTGCGCGT,1
GGGCGGCTCCCGCC,1
GGGCGGGGCCTGCC,1
CCCGGCGCGGGCTT,1
TACACGATTGGAGG,1
CGGAGGGCGGGGAT,1
GTCAGGGGCGGGGC,1
CTCCGGAGGGCACG,1
ATCACATTTCAGCA,1
GTGGCCCTGCGCGC,1
GCGGGCGGAACGGA,1
GGGGCCAACAGTGG,1
GCGGCCGAGCTTCA,1
TCTCTCAGCCCGTG,1
CAACGCGAGGGTGG,1
TGGGCCTGGCCGGG,1
CGGCCTAGTTACCA,1
ACCGGAACGAGTCA,1
CCTGCCCACCGCCC,1
CCAATGGGCTGCAG,1
GGGGCGGGGCGGGG,1
GGGCGGCGGGACGG,1
GGCGGAGGCGGGGC,1
GAGAAGGGAAAATG,1
TGGGCTGCGGCACC,1
GGAGGAGGGGCGAG,1
GCGGCGGGCGGCGG,1
TGCCCGCGAGCCGG,1
GAGAGGGGGCCCGT,1
GCGGGGCGGGGCGC,1
AGGGCTGGGACACC,1
GGCACAGCCCAAAA,1
CTGAGCGCAGGCCG,1
GACTTTAGAGGAGG,1
CGGCCCCGAGCGGC,1
TCCCTCCGGGGGCT,1
GCGCGGTAGTGGGG,1
CCCGCGCGGCGGCG,1
TAAGAGGCACCGCA,1
GGCTTCTGCGGGAT,1
CTGAGCCCGCAGCC,1
CGGAGCGCGCGCGA,1
GTGGGGCCGGCCGC,1
GGGACCGGGCGGGC,1
TAGAAGCCAGGGGA,1
GCAGCCCACTGCGA,1
GGGGAAGGCGGAGG,1
CCGGGACGCAGCGC,1
GTCTCAGCACACAC,1
GGGGGTGTGGCGCG,1
GCTGTCCGGCCCCG,1
CCGCGCCGGGTCCG,1
AAGGGGCAGTGCCG,1
GGACGCTAGGCTTC,1
CGCCTTCCTCATGA,1
AGCGGGGAGTGGGC,1
TGGCGGGGCGGGGG,1
AAGATCCCTTTTGT,1
CGGCGGGGCGGGGC,1
CCACCGGAGCGCCG,1
CCAAATTGTGACGT,1
GAGGAGGAGGAGGG,1
GGGAAGCAGGTCCG,1
CAGCGCCCGGGCAT,1
AGCCACCTCGGCGG,1
CCGCAGGGGCTGGG,1
TAGGCTGTGCGCAC,1
AACAGTGGTGCACT,1
GCTGATACCGAGAG,1
CCCTGGCTTCCAGG,1
ATGAGGGGAGTGAA,1
CGCGGGGCGGGGTG,1
GAGAGGGGGATGGG,1
TGGATGGGCGGGGC,1
GCGGCGGGGGCGGA,1
GGGCACTGGGGCCA,1
CAGTTCACCTAATA,1
GAGGTGAGGGGCGG,1
AGGGGGTAGGGGGG,1
GGACAGGAGGCGGC,1
GGGCTCCCACCTGC,1
CCTGGCCACGCGCC,1
GGACCCGCGCCCGC,1
CTATATAAGACGAG,1
GGAGCGGCCGGAGA,1
ACACCCGGCCCCGA,1
CCGCTTCCCTGGTG,1
CTGAGCGCAGGCCG,1
CTCACCTCCTCTGG,1
GAGACGACTCCGCC,1
CGGACCTGGAGGCG,1
GCCGCCCGTCCGCA,1
CCCCGTGCGGGAGC,1
GTCGAGGCAGGCGA,1
GGGCTGAGATTGGA,1
GTGGGCGGGGTTTC,1
GGGCTGGCCGGCCG,1
CGGCCCCGCCCCCG,1
GGCGGTGGAGGCTC,1
TCTCTGAGCAGAGG,1
AGGGGGCGCCAGCC,1
CTCCCGCAGCCAAT,1
GGAGGGCGCGGTCT,1
GTGGGCTGGCGGCG,1
TGGCAACCTCAGAG,1
TGAGCCGGCGCCCG,1
CGTGGTCCCGCCGT,1
GGGGTCGTGTTTAA,1
CCGGATCAGGCCAC,1
GCGGGAGGGGCTTG,1
TATCCACTGTAAAA,1
GTCACAGAAGGCGG,1
GGCGGGGGATGCGG,1
ATGGCTTCAGAACC,1
CGCGCGGCCGCGCG,1
ATTGGCTGCGGGAG,1
GGGAGGGGAGGGGC,1
AGCGCGGGGGGGGG,1
AGGGGGCGGTGCCG,1
TTCCGCCGCCTCAC,1
GCCGGGGCGGGCGG,1
TCCAACTCGGAAGC,1
AGCGGAGACGCTGG,1
TGCTCCGCCCCCCG,1
GCGGGAGGCGGGAG,1
TTGGCAAAGCCGAG,1
GGTCGGCGTTACCC,1
GGGCGGGGACACAA,1
TCCGGGGCTTTGTG,1
GAGGCAGGGCGCGG,1
GACTACATTTCCCA,1
GGAGGGAGGAGAGA,1
GGGGCGCGCCAGGA,1
CGGGGGCGGGGCCT,1
CGAGGGCAGCGCTG,1
GGGGGCGGTGGCGG,1
GGCCCCGCCAATAC,1
GCCGCGGGGGACCC,1
TCGCAGTCCTGGGG,1
CCGGGGGCGGGGTG,1
ATGACGGAGGGGAA,1
GCGCCCTTCGACCA,1
AGGGGCGGGGTCGG,1
GGCGGCGGTTTTTT,1
CCCGGGACCGGGCG,1
GGCCCCCTCCCCCG,1
GTTTCTTCCCTCCT,1
GTCTTTGTCTGCGC,1
GGGCCAGGGCCCGG,1
GATAGGCACGCGGG,1
GGAGCGAAGACTGA,1
GGGATTCGGGGGCG,1
GGAGGGGTGTCCCC,1
CGCGGCCTCTATTG,1
GCGTCGAAGGCAGT,1
CCAGCGGCAGCCCC,1
GCCCTGACGGCAGG,1
GGGTCTGGGGCGCA,1
GTGGGCGACGCACG,1
CAAAGACGGTCACG,1
CCATCAGGCCGACC,1
CGGGGAGGGGGTGG,1
GTTTCTTCCCTCCT,1
GGCGGGGGGCACTT,1
GGAGCGGCTGGGAA,1
CCGCTCTCCGCTCC,1
CGGCCCACGCGGCG,1
CAGAGGCGGGGCCG,1
CGGCTTCCGGCAAC,1
CTCGCGGCTTGAGG,1
TGCCCACGTGGCGC,1
CCCCCGTTGCGGGC,1
CTGCAGTGTGGGCG,1
GCTGTCCGGCCCCG,1
GGCGGGAGGGGCCG,1
GGCGGGTCGGCGGG,1
TTCGATTGCCCCCG,1
GGGGGGCGGGCCCG,1
TTCGGAGTTCCTGG,1
AGAGGGGCGGGGTC,1
GTGGGCAGGACCTC,1
GGCTTTTCGGGCTA,1
GGGCTGAGGGAGGG,1
GGGCGCCGGGTCCG,1
GCTCACCTAGACCT,1
AGCAGTGAGGGTAC,1
CCTCAGAAGCCGAC,1
AGGGCAAGGTCCCG,1
GCTCGCCGCACAAA,1
GGAGGGGGAAGAGG,1
GCAGGCGCTGCGGC,1
CCTGCTCCCCCTCG,1
CCCCTGGAGGCACA,1
ATCGCTTCCGGGGG,1
CACCCCGCCCCGCG,1
CGGGGCCGGCCCCC,1
GGGGTTGGCGGTGC,1
TCTGCAGAAAAACC,1
GCGGAGCTCCGCCC,1
GCCAGCGAGGCTGC,1
GTTGCCGGGGGAGA,1
GGCTCGGGGTGGGG,1
TGCGGTTCCCGCGG,1
GAGGGGGCGGAGCG,1
CCGGGGGCGGGGTG,1
GCAACGGGCGGGGC,1
CCGCCCGCCTGTTT,1
GGGCGGGGCCGGGC,1
CCGGCCTGGCTGCC,1
CCTCTTTACGCAGG,1
ACGGCGATGGACTC,1
GCGGGGGGGATGGG,1
GGTCCGGCGCGCGC,1
AACGGGACCAGCTC,1
GGCTTCCGGTTTCC,1
CTGCAGCCGCGCCG,1
CCGGCCTGGCTTGT,1
CGCCCGCCCCCACC,1
GAAAACAAAGGCGG,1
CTTCGCGCGCCTTT,1
GGCCGCCGCGCAGG,1
GGACCTCGGGAGAG,1
GGCTTAGGGAGCGG,1
GCGACCCTGCGTCC,1
GGCGGGGCCAACAG,1
AGGCCGGCGGGGAG,1
GGCGGAGCCGGGGG,1
GGCGGCGGGGCGGG,1
AGGGAGGCTGAGGA,1
CCTCCTGGACCTTG,1
GGTGCCGGGGCGGG,1
ACTCCGCCCCCGCA,1
GGCTTCCGGTTTCC,1
GGGGTTTATCTTCT,1
CCCGCCCGCTCGCT,1
GAGGCAGGGCGCGG,1
ACCAAGTGGCCGCG,1
GGCAGGGAGAGGGC,1
AGGCGCACACTCGC,1
TAGAAGCCAGGGGA,1
GCGGAGCGTGTTCT,1
CCAAGCAACACCGG,1
GCGCGCGCGCTCTC,1
TCCTCCCGTCTGCC,1
TGCGGCGGGAGGCC,1
GTGATGGTTGGTTC,1
GGGATTCGCTGAGG,1
TCGCTCTCAGGGGG,1
GTCCCGGCGTGCCG,1
CCCGAAAACAGGAC,1
TGCCTGGTGCCTGG,1
CGGGAAGGATCCAC,1
GGGGAGGGCAGAGG,1
GCGATTGGCGCTGG,1
TGCAGCAGAACGCC,1
CCCCCTCACCTCGT,1
GGTTATCGCGGGAA,1
TCGATGCCTGACGC,1
GGAAGCGGAACCGG,1
AGGGGCGGGCGTAG,1
GGGCGGGGGCGCCG,1
CGGGGCGAAAGTCG,1
GCCTACCCGCCTCG,1
TGGCCTCACTGCAC,1
CGCGCCCGGCTTTC,1
GGCCACTTACCGCG,1
TCTGGAGCCGCAGG,1
CTCGCTCGCTCGCT,1
CAAAACTCCGGAGG,1
GTGGGAGGTGCGTC,1
GACTTTAAAGCGTT,1
GTGTGGGAGGGGGA,1
GCGGGCGGGGGGCT,1
GGGCTTGAGGGCCC,1
CCCTGCTCTGCCTG,1
GGACAAGGTCGTCA,1
CCCCCTGAGAGCGA,1
GGCAGCGGAGGCGG,1
GGACGGGCGGCGGG,1
AGTGGCTTCCAGAG,1
AGGGGGCGGGGAGG,1
AAGGGGCAGTGCCG,1
TCCTACCCCAACCT,1
GGGTCGCGCACGCG,1
CCAAATTGTGACGT,1
AGCCGCGGCCCCAG,1
GGACAGCGGTGGCG,1
AGGGAGGGGAGGGG,1
CCCAGGCGGGGGGA,1
GCGGCCGAGGCGCC,1
GGGGCCAACAGTGG,1
CGGGGCCGCCGAGG,1
CGGAGGGCGTGGCT,1
GCGCGGGGCGGGGC,1
GGTCCCGGGCGCGC,1
GCGCGCGGGGGACA,1
GGGCGGGGCCTGGG,1
CGGCGCAGCAAAGG,1
TGTCAGTGAGCGGC,1
GCGGGGCGGGCCGA,1
ACCGCCGCGTCCGC,1
GGGCGGGGTGGTGC,1
GAGGGGCGGGGCCG,1
GGCACGAGGCCGAG,1
GGGGCGGCGCCAGG,1
CTGGGCGGTGCCGG,1
CCCGGGAGTGAGAG,1
GGGGGCGGGGCCGG,1
GGGAGAGCGGCGCG,1
GGCCTCTCCGGCGG,1
TGGATGGGCGGGGC,1
GTTGGCAGCGTAGG,1
GGCCGGCGGGAGGC,1
GCCGTCGACCCCGG,1
GGGGCGGAGGCTCA,1
CAGCAGCTCAAGTT,1
GAGGGGGTGGGGGA,1
GCCTACAGACAACC,1
GGCGGGAAGGCGGC,1
GCGGAAGGACACAC,1
CGGCGGGGCGGGGC,1
GTGGGCGGAGGGAA,1
CGGGCTGGAGGGCG,1
GCCGGGCGGAGCCG,1
GGCCGCGGCGAGCC,1
AAAGAGGCGGGGGC,1
TGCCGAGTCTCGAT,1
TCCGCGGCGAGGGC,1
AGGCGGGGCTCTTC,1
GACACGCCTCCCCC,1
GGCGGCGGCCAGGG,1
GGACGCCGCGGCGG,1
TGCGGGCGGGGCGG,1
CCGGGCCGGGGCCG,1
CGGAGCGCGAGTCG,1
GCAGGGCGGGGGGC,1
CGAGGGAGGCTTCG,1
GGAGGGCGCGGTCT,1
AGGCACCTTTAAAT,1
GAGGGAGAGGCGGG,1
TTCGACTGAGCAAG,1
CGCACCGTGATTGG,1
CGTGGTGGCGGGCG,1
GAGGGCTTACAAGG,1
GGGGCGCCTCCGGG,1
GCCCGCGGGCACCT,1
CGGCTAGCCGCGCG,1
ACCGCGAGCGGAGG,1
GCCTGAGGCCCGGG,1
ATAGGGGAGGTGGG,1
TCGGGACTGGACCT,1
GCGCGGTAGTGGGG,1
GCGCCTCACGCAGT,1
AGACCTCTGCGTCA,1
AGGGGTGGGGCGGG,1
GGGCGGTGCCGGCG,1
AGGGGGCGGTGCCG,1
GGGGGAGGGGAGGA,1
GGCCTGTCGGGAAA,1
CTGCTGACTGGTCA,1
CGGGGCGGTGTCGC,1
CCGGACTGATTCTC,1
GGAGGGGAAGGAGA,1
GCGAGACGAAGATG,1
CGGGGCCTGGGCGC,1
CGGCGGCCACGGAG,1
GCGAGCTAGCGGGT,1
CTCGCCGAGCCCCG,1
AAGGGGCAGTGCCG,1
GTGGGAGGTGCGTC,1
GCGCCGCAGTCGGC,1
CGGGCCCCGGGGCC,1
TCCGCGCCCGGGCG,1
ACGGCGGCGAGCGC,1
GTGTCTCGCCGCGC,1
CGAGGGAGGGGTGG,1
GCCTACCGGCCCCG,1
AGGAGTCTGAGAGG,1
CTGCACTCGGTCCT,1
CGCCGCGGGGGCTG,1
GGGGCGGGGCCGGG,1
AGGGGTGGGGCGGG,1
GGGGCGGGGCTGAG,1
GCCATTTCTAGTCG,1
CCCAGTGCGGCGCG,1
GGCGGGGGCGGGGC,1
ATACCCAGAGGCGG,1
CTGGGGTTGGGAGG,1
GGAGGCGGGGCCTG,1
AGGGGGCGGTGGGG,1
GAGAAGCGGACACC,1
ACTCGTGCGGTCCG,1
CCTGCTGCACTGCT,1
GTACTGTGGGGTAT,1
GCCGCCGCCGCCTC,1
GCGGGCACTAGAAT,1
GTGGGCTGGCGGCG,1
GCGGGGAGCGGGGA,1
AGGTCTTCAGGCAC,1
GGAGGAGGGGCAGT,1
CGCCTGCGCACTTG,1
GCACCCCCGTCCGT,1
GCTGGCGCACCGTC,1
TCGGGCGCCTGCGA,1
GGGCCGCGGGTAGG,1
CAAGGTCCAGGAGG,1
AGAGTGGAGGGAGC,1
GGTCTGGGTGCGGC,1
CCACCCGCCCCTCA,1
CGCAGCAGCCAACC,1
TTCGATTGCCCCCG,1
GGGGGAGGGGAGGA,1
CTGCATTGTGGGGG,1
CGGGGCAGGAAGGG,1
TTCCTGCGGGGGGG,1
CCCGGCAGCTCGCC,1
TTCCGCAGAAAGCA,1
TCTGTAAAGAACTT,1
CAAGTGACTGGCCC,1
GGCCTGTCGGGAAA,1
TGCTCTGGCCCTGT,1
GCGGGGCGCCCCCG,1
CTGCAGCCGCGCCG,1
GAAGCTTTGTTTAG,1
CGGACCCGGCGCGG,1
CCAGAAACTTATGA,1
GCTCCCCGGTGCTG,1
GCCGGCAGAGGTGG,1
GCGCGCGTGGGCGT,1
CCTCTGCCCTCCCC,1
CCCGCCCCCAACCC,1
CCTCCGCTCCGCGC,1
GGGGCACAACCCTC,1
CGGACCCTTTAAGA,1
TCTTGGCCAGCGCT,1
TGCGGAGTTGGCGG,1
GCGCGATGGGGCTC,1
CCTGGCCACGCGCC,1
CTCCAGCCCGGAGA,1
GGGCACTGGGGCCA,1
GACGGGGCGCTGCG,1
GGCCAGGGGGAGGG,1
CGGGGGAGGGGGCC,1
TACTGCAGGGGGCG,1
GTTGCTCCGGTAAC,1
GCCGGGCGCTGGGC,1
GGCCGTGGCGGTAG,1
AGGGGGCGGTGGGG,1
TGTGGGCCACTCCG,1
TCCCGGGCCGTCCG,1
CGGGGGCGGGGCCG,1
GGCCTAGGATCTGG,1
GGCGGGCGGGGCCA,1
GCTTCTCCAGGGGG,1
GTGCCTGAGCCGAA,1
GGGGTGGGGCGGGG,1
AGCATAGCAGCGGC,1
GCCGCTGCTATGCT,1
CTGGCCCAGCGCTG,1
CAGGCGCTCACTTT,1
CCTGTGCTCGGTGG,1
CCCTGAGGACCCAG,1
GAGGGCGGTTGCGG,1
CTCCAGTCCCAGCG,1
GGGTGGCTGGCGGT,1
GACGGGCGGGCGCT,1
GGGGCTGCGGCCGG,1
TACGGTCTTCAAGC,1
GGGTCTGGGGCGCA,1
TTTTTCTGAATTTG,1
GGAGCCTGAGCCGG,1
CGCAATCGCTGGAA,1
CCCTCCCTTCGTTC,1
GAGGGGCGGCGCCC,1
CCGCGGCGGGGCAG,1
AAGGGGCGTGGCGG,1
CCTCGCGGGGGCGG,1
GCCGGGAAAGGGCT,1
TCGCGTGTCGGAGG,1
GGTCACCCTAGAAG,1
GGCGGAGCCGAGGG,1
AGGCCGCGGCGACA,1
CAACTCCGGAGGCG,1
GTGGGGCCGGCCGC,1
GAGGGGCGGGAGGG,1
AGGGAGGAGCCACG,1
GGGAGGCCCGGGCA,1
GCCGGGCTCGCAGG,1
CAGCAGCCGCGGCG,1
AGAGGAGGGTGAGG,1
GGTTGCATATTTTA,1
GGAGGGGGGAAACA,1
ATCACGGCCGCGAG,1
CAGGCGCAGGGGGC,1
CGGCGGAACTACAG,1
AGACGGACGTAGCG,1
GCGGAGGGCGGGGC,1
GGGGTGGGCGGGCA,1
GAGGGGGCGGAGCG,1
TGCCCTCAAAGCTG,1
GGGCCTCGGAGCTT,1
TGCGAGGCCCGAGA,1
CTCCGGCCCGCCCC,1
CCACGCCGATTGGC,1
AGGAGAAGGGAAGG,1
TTCACCTCACGTGA,1
GCGAGGGTCGGGAA,1
GGTGGGGCCGGCGG,1
GAGAGTGAGCCACA,1
GCTGAGATGGAGAA,1
GGGCAGGCAGGGGC,1
GGGCGGCGGCGGCG,1
GGGCCGAGAGGCGT,1
GCAACTCTGCCGAG,1
TGCGAAGCCCGAAA,1
AGGGGCGGGCGTAG,1
CGGCGAGGAGGCGG,1
TCCACTTCCCACTT,1
GCGCGGCCGGAGGT,1
ATAGTGTTTTGTTG,1
GAGTGTGTGTGAGC,1
GCACGTGGGGCCTG,1
GGGGCGGGGCCGGC,1
GGGAGTGAAAAGAG,1
GCGGCCGAGTTGGT,1
CGGTTCGGGGGCGG,1
AGGGAGACTGGGTT,1
TCCGCCATCTTGCC,1
ACAAGCGGGGGTAT,1
GCTCCACCGAGCTG,1
AGGAGGCGGGGCAA,1
CACAGATTAAGCTC,1
ACCCCACAAGGAGG,1
CGGGGGCGGGCCCG,1
TGCCCTCAAAGCTG,1
GACTCAACACATGC,1
GAGTGTGTGTGAGC,1
ACGCCCCCTGCGTG,1
CCCCCGCGCGGCCT,1
GGCCGTCGCGGCTG,1
TGGCCAATGCGGAG,1
GGTGCAGACCCAGG,1
GGGGAGGAGCGCGG,1
GTGGGTGGTGCATG,1
CCCGTTTGTCTGAA,1
GGGACCCCGTCGCA,1
CCCGGGGGCCCGAG,1
CGAGCCCGGAGCGC,1
GGCGGGGCTTACCT,1
GCGGGGCGGGGCGC,1
GCTGATACCGAGAG,1
TGGGCTGAGGGGAG,1
TGCGGAGTCAGGCG,1
GGGGGCGGGCGCGA,1
GGCCTCTGCGAGCT,1
GGCGGAGGCGGGGC,1
GGGAGGCGTGGCGC,1
CGGGGGCGGGGCCT,1
CGCGCCCACCACGG,1
TTTCCCCCCCAGGG,1
AGGCGGCCGCGGGG,1
GCGGGGCGGGACTC,1
GGAGGAGGGGCGAG,1
AGGGGAGGGGGACA,1
CCCGAAAGGGGGCG,1
CGGTAGCAAGCCGC,1
CGGGGCCGAGCCCA,1
GCGGGCTTTACGGC,1
CGCACTGACCTCCC,1
ACTGAGGAACTTTG,1
CCAGCCTGAACCGG,1
GAGCTGGTCCCGTT,1
GGCGGAGCCGAGGG,1
CTGCATTGTGGGGG,1
CCGCGCTCACTTCC,1
GGCTGCGGAAGGCG,1
CCCCCCTCCCGGGG,1
CCCGGGGGGGCGGG,1
GGTAGGATTAGATC,1
GGCCGGCGGGAGGC,1
CACGCAGGGGGCGT,1
GCCACACCATTGGC,1
GGGAGGGGCGCCGC,1
CCCCCCTACCCCCT,1
TTGCGTTGGGATGG,1
GCTGGCGGGGAGAG,1
AGGTGGCGGCGGCC,1
AGGCCGCGGCGACA,1
ACCCCTCCCGCGGT,1
GCGGAGGCGGAAGC,1
CCAGGGACTGGGGC,1
CGGGATACGTGCTG,1
AGGGGAGTCACGTG,1
GTGGGCGGGGTTTC,1
CGGCGAGGAGGCGG,1
GAAAACAAAGGCGG,1
TTGCTAGGGCCGAG,1
CCCGGACTGCCGGG,1
AGGAAGGCGGGAAG,1
CCGGCGCGCGCGGC,1
GGGGTGGGGCCGCC,1
GGGGCGGGGCGGGG,1
GCCGGGGGAGGAGC,1
GCCGGGCTCGCAGG,1
CAGTTGGGTTTGCA,1
GCGGGGGCGTTGCT,1
GGGCGGGGCCAGCC,1
GGGGGCGGGGCCGG,1
GAACTCAGTGAGGG,1
AAAGCTAGTAGCTG,1
GCGACACCGCCCCG,1
GGTTCCTGCGCGCG,1
TGGTCACCCGATGC,1
CCTCCGGCACCGGC,1
AAGTTCTTTACAGA,1
GGAGGGGCCGGGGG,1
GGGCGCCCGCGTCG,1
GGCGCGGCCCGTCT,1
AGTCTTCAGCACTG,1
GCGGGGCATTGCCA,1
GCCGGAGGAGGTGG,1
GGGGCGGCGGGCGG,1
GCGGGGCGGGGCGG,1
GAGGGCCCCTTCCC,1
CAGAGTGCGAGGGG,1
GAGGGAGAGAAAGA,1
GCGTCTACATCCAC,1
GGTGCTCAGGGAGG,1
AGCGCCGCGGCGCC,1
CTGGGCGGTGCCGG,1
CTGACCCCTGGAGG,1
GCGGCCACCGGCAG,1
GGCGGGGCCGGGGC,1
CTCGCGGGAGCCCC,1
GGGGGCGGGCCAGG,1
GCGGAGGGAGAGCG,1
CGTGGCATCGGGGC,1
GGGCCTAGGGCCCG,1
GCGGGAGGGGCTTG,1
GCACTTAAAGGGCC,1
ACACCAGGTAGGCG,1
TGTCGGCGTCGGCG,1
TTGGCCAGAGCCCG,1
AGAGTGGAGGGAGC,1
GGCTGGCTCAGAGT,1
CCCGCGGGCTGGCG,1
GGGGGGAGGGGCAG,1
CGAGGGCCGGGGGA,1
CATTTCTCGGGCTG,1
GAGCCAAGGGCCGC,1
GCGAGCGAGCGCCC,1
CCCGGGAAGGCAAC,1
CGGGCTCCGTGGCA,1
CGGGGCGAGGCGCA,1
ACGGCGGCGAGCGC,1
TGGCCCGTTGCGTC,1
GCCGGCCGCGCAGG,1
GTGGCGCGGAGGAG,1
TCCTTTAAGCGGAC,1
GTTTGGAACTCGCA,1
CGGTGCTAAAAGCA,1
GCGCGCAGAAAAGC,1
GCGGGCCGGGGCGG,1
GGCCTTCCCTGCAG,1
AGGTTTCGAGCCCG,1
CTCCTGCTGCTGCT,1
AGGTCTTCAGGCAC,1
CTGAAGAAAGCCGA,1
GCCATCGCCAACTT,1
GCAGGGGTAGTCCT,1
TGGTGAGTCCTGGC,1
GCGCGCTTGGCGGC,1
GTCAGACTCGGGGG,1
CCGAGAACGCGGAA,1
AGCCCATTGGCCCG,1
GAGGGAGGGATTTA,1
GGAGAGCGGGCGGC,1
GCGAGGACTCGCGT,1
GTGACTGGCGTGAA,1
TCATGTGATCTTCA,1
ATTAGGTCAGCGCT,1
GGGGCGGGGCAGCG,1
CGCTCTCGGCGGCG,1
AGTTCTCCAAAGGG,1
CCGGATCAGGCCAC,1
GGCGGCCGAGCCGG,1
ACTCCTGGGCACCC,1
GGCGGGGCCAACAG,1
GTCTAGGAGTGCGC,1
CCCGGCGCGGGCTT,1
CCGGATACCTTCAG,1
GCCGAGAGGGGAAG,1
GCGGCGGGCGGCGG,1
GCTTTGCGTGGGGG,1
TGGCGGGGCCGCGG,1
GGTGGGGTCGAGCG,1
CCCCGACTTGGACG,1
GGTGATGTAAGGCC,1
AAGTTAGGGGAGAC,1
ACCATCGCGGAGGT,1
CGCCGAGCAGACCT,1
GTGGCGGGACCGCC,1
TACCCAGGGGAGGA,1
GGCGGGATTAAGGT,1
GGACTGGCGGGCGG,1
CGCCACCGCCACGA,1
CCGAGGCCGTGCCT,1
GCCCCGCCCCTGGC,1
CGAAGGAGCGGAGG,1
CGTTGTTTCGGCGC,1
GACGGGAGCGCGCC,1
CCGCGCTCACTTCC,1
ATGGTGATTCTGAC,1
AGCTCGGGGTAGGA,1
AGCCGCGGCGCCCC,1
TTGAAGCATAAGGG,1
CAGCCCCCGCGGCG,1
AAGGCAGGTGGGGA,1
CGCAGAGAGGGCGG,1
CCGGGCAGCCAGGC,1
CGTGGAGGGGCGGG,1
GCTCTGTCCTCCAT,1
CAGGACGGGGCCGA,1
GACTCCCGATTGGC,1
GAGGCAGGGCGCGG,1
CCGCCCCCGCCCGC,1
CTCTGGCGGGCGGG,1
GGCCGGAGGCGCAG,1
CCCCAGCTGCGCCG,1
GATTAGAAAGACTA,0
GAGGGGCCTGGGAA,0
CAAGCACTGGCTGA,0
CAGGCTGGAGTGCC,0
GGAGGATGGCTTGA,0
CGCAGAAGGTTGCG,0
CACGGCTGCTGCTT,0
GGGAAGAACCCAGT,0
ACTTGAGAAATCAA,0
ACACTAAATTGAAA,0
GTAAAAACCCCATC,0
TATTATATCATTGT,0
CAGACAAAAGCTCA,0
AGGCGTGAGCCACT,0
ATTACTTTTTCAGC,0
AGTGATGTCAATGT,0
TTCCTATACACCAA,0
TTGATCTTTAATCT,0
TCCCACAACCCCCA,0
GTCATAGATGGCTC,0
TAGAACAATACTTG,0
CCCCCAACTTTTGC,0
TAAACGGAATCTTA,0
TCTGAGCCCTCCAA,0
CATTTTTAGATCAT,0
AGTTGTCACCCGAC,0
AGAGAGTGAATGAT,0
ATAAGATTTATCAC,0
GCATAATGGGGAGG,0
AAAACAGAAGACAA,0
AGAATCTACAATAA,0
ATTTGAGTGTAGTG,0
ACAACGATGACGAT,0
TAACTTCAAAGTCA,0
GAGGAATTGGGAGA,0
ATTCTTTGCAAGTT,0
CCAGATGCCTGTCC,0
ATTATGTTTTGTAA,0
GGGATTACAGGCAT,0
AAACTGTTCCAAAC,0
GTGAGAACATATGA,0
TTTAGGTTTTCTAG,0
AAATCTTGTGTACT,0
TAGACATTTCCCAA,0
ACTCCGGAGGTAGG,0
CTGTTGCCCAGACT,0
TTAGTAACATGTAA,0
CATGTTCTTTGGGG,0
TGAAGAGAAGGTGA,0
ACCATTACTTCTGA,0
TGCCTAAGATTTTC,0
AAAAGCTGGGCATG,0
ACCCAGGTGCCTTC,0
ACTTGTAATCCCAG,0
CCAATGTCACCTCC,0
CCATGCCCGGCAAT,0
AGGCATGATATGGA,0
TCCATCCCCCGGCC,0
TCTTCTGATTCTGT,0
AATGTGCTGATGGA,0
AATAAATACTCTTG,0
AGGCGGGACAGTCC,0
AGCCCTCCACAAGT,0
GCTGGAAGCCACCT,0
CAGAACTGTGAGGG,0
ACGGTCGTAGCTGT,0
CCCTAATAAGCCAT,0
CAGTGATTTACAAC,0
ACAAATGTATAAAT,0
AGCCACCATGCTAG,0
ATTGTATATCTAGA,0
CCATTAACAATAGA,0
GATTATAAATTCTA,0
TATTCCCCTTCCTG,0
CCCACCCATGTACG,0
CTTGTAGGAGTAAG,0
CAATAGCTAGCTTC,0
TTTTTTATTATTAT,0
GAGAGTGAAGTTTC,0
TTCTGTTTTATTTA,0
AGGCTCTGAGAAAA,0
CATGCGCTTACTCC,0
AAACGATAAAGGAA,0
GTCTCACTCTGTCA,0
GCTAAGTTCGTGCT,0
GAAGAAATTAGAAC,0
GAGTCTAAACAATA,0
GTCAAGTGAAGGAA,0
TCCTATTGAAGAGA,0
GTGGGTATCACCGT,0
CTTGAAGACATCAA,0
ATGTTCTCTTTATT,0
GATCATGCCACTGC,0
TTCCCCCCACCCCA,0
CAAATGCCCACCTA,0
TCCCGCCCGCTGCC,0
AGAGAACTTCACAG,0
TCTCATGTGGCCCA,0
AACAAAATTTGAGA,0
TTAAGGTAGTGAAC,0
GAGGAACGCCACTA,0
ATCTAATTAAATCT,0
AGGTGAAGCAGAGT,0
GGCATCATACTCAG,0
AGCACCTCACCAAA,0
GTTCTAAGTGCTTT,0
TAAGTTTTTGGGGG,0
CCTCAAGTTACAGT,0
GCCTAACTCTGCTG,0
GGGGTTTCACCATG,0
GGCCAAGTAGGAGG,0
TGGGAACCTTGTGA,0
AGTGAAAGTGTCCT,0
AGGGAGAGAGGACC,0
CGTCTTACATGGTA,0
ACAAGATGATTAAT,0
CTCCTGGCCTCAAG,0
AACTAAGTTAGAGC,0
TGAAGTACCCGGTG,0
CCATAGGGTCTGCA,0
GCTGTACTCTTAAA,0
TTCATTCATACATT,0
TCCTATAAGAGTCT,0
TGTTCACTCAATCA,0
GCTTGGGGAGCCCG,0
TGGTGCATGCCTGT,0
TAAAATGTACACAA,0
TTCAAATCCTAGTT,0
TGTCTTTAGGATAT,0
AATAAATCATGCAG,0
AAACACCCACCGCC,0
TTCTATGAATAGAG,0
CCATTTTTTTCCCC,0
CAGGAGTTCAAGAC,0
TAGTAAAGACGGGG,0
GAAAAAGTACAAAA,0
TGAGCCTTGGGATG,0
GGCACTAAATCTCT,0
GCTTTTTGAGGCCT,0
AGATGTTTGCAAGT,0
CGTGGCTGGAGACA,0
TTAGCTCTGGAAAG,0
AGGTGCCATCTTCC,0
GATCAACAAAATTG,0
AGTTTGTGTTAGTC,0
ATGGAGCTAAAATC,0
ACAAATCTAAACGC,0
CCCCATCAGTTGTT,0
ATGTTTCCCTAGGT,0
ACTACAGGCACGTG,0
TCCCAGCATGCTCA,0
GAGAAACCAAGAAT,0
CATACACACACACA,0
ATTGCATGGGACAT,0
GGATCTGCAGAATA,0
CATTCTTGTCTCCA,0
TGACCCAAGTTCAG,0
CTGTTTGCTTTAAG,0
ATTGTTATCCCATA,0
ACACACAAACACAC,0
CCCCTTCTTATGCT,0
GTCTGACCCTTAGT,0
GGCTCTGGTTCTGA,0
TTATTTGTCTATTT,0
GGCAAGAAGACAGC,0
TCTGGGCCAGAAGA,0
GTCTATTTCCTGGG,0
TAGTCAGCAGGTGA,0
AAAATCAGAGTAAC,0
AGCCTCGACTCCCT,0
GCAGGAGGGGGAGG,0
GTTCTCCATGGTCT,0
CATGGTCTCCCCAG,0
ACCCTTTAGTGGAA,0
TATTTTTATTGCTA,0
AGTAATCTTGCCTC,0
TGAGCTAAGGCAGC,0
ATTGGATCTATAAA,0
TCAGACTATAGTGG,0
TTTATAATGTGTAA,0
AGTGTATTGGTACA,0
TCATTTATCACAGG,0
GAGCCAGACATGGT,0
GCTGCTTTTAAAGT,0
CTCAAATTCCTGGG,0
ACAGGTGCCTCCAG,0
ATAAATTTATGTTG,0
TCTGATTTCTTTAT,0
AACTTTTTCTTTTT,0
GTGCCAGTAACTAG,0
TTGAACCTTACTAA,0
GGCGTGTTCAAGAC,0
ATGGAGGAGATTGT,0
CAGTCATGATTCAT,0
TGAAGCCACTTTAC,0
ATGCAGACTGGGCA,0
CCCACAAATGTATT,0
GACTACTCCAATGC,0
ACTTGTTTGACTTC,0
TTTGGTCTCTCAAT,0
TGTGCTGCAGTATA,0
GGAAAGGAAATGTT,0
GTGAAAACAATTGA,0
GTCCCAGCTACTTG,0
ACCTGAAGGTCTAC,0
TGTTGCCATGTTAA,0
ACTCCATTCTTATT,0
AATTAAGCAAGTAT,0
TTAACATCATTGCA,0
ATGGTATCACAGTG,0
AAAGGTTTTAAAAA,0
GAGTATGTAGTGAG,0
GCATCTGAGACAGG,0
CTGCCAGAAGGAAC,0
TGCTTTATTTACCT,0
TATTCTTATCTATT,0
AAACTTTTGAGGGA,0
AAAGTTTCACTTTG,0
AGGGGAGTCTGCTC,0
AGCCTGTTCGCACA,0
AGAGCAAAACAAAA,0
CTTAGTCTCTCATA,0
GTAGGCTTTGCAGT,0
TAGACTTTATCAAC,0
TCCTGTCCATTCCC,0
TGGGATATAACACA,0
CATGTCAACCATTC,0
AAAAAATACCCTCT,0
GTAAGATTTTGAAC,0
TTTTGTAGAGATGG,0
TATTCTTGGCAACC,0
GGCGCTGTGGTGTA,0
AACACATGCACATC,0
TTTTAATGTAGTAA,0
CAGTCTCTGGTTTC,0
GGCCATAAGTGAAA,0
TTACTTGTTAAATA,0
CAATGCACATTAGA,0
ATTTCTCATTCTGG,0
CCATTACTGGGTAT,0
ACCATGCCCGGCTT,0
CGCCTGGCTAATTT,0
TACACAGTATTATT,0
AGAAAATACCGGCC,0
CTGAAAGACAACAG,0
AACCACAGCTCAAA,0
AAGGCTGCTAATAA,0
TCTATTTTCTTACT,0
ACATTATTACCATA,0
CTAGGTTTCTTTCT,0
AAACAAGAGCCCAG,0
GTTAAAAATGATGC,0
ATACTGTGGCATTC,0
AAAAAACAATTAAG,0
TTGCAAATGTGAAA,0
ACAAAAATTAGCCG,0
AGCATTCTCATTTC,0
CAGAAAATGCCGGA,0
GTGATTCCTAAATA,0
GAGGCTATGCAAAG,0
GAGTCACAATGTTA,0
CGCTGCATGGTGGC,0
TTAGCCAGGATGGT,0
CTTCATCCCTCCAG,0
TCTTTCTTATTTCT,0
AATTATAAAATATA,0
AACCCTGTCAATGC,0
TCATGCCGGTAATC,0
TGGGATCTGAGTGA,0
ACTTAAAACAATGT,0
CAAGGTTGCTCAGC,0
ACAATACATGATAA,0
AAATAAATTGCATT,0
AGAGAGCTTGGAAG,0
CTAATTCAAAACCT,0
GGGTAAATAAGCCA,0
CCTGGTAGACATTC,0
ACTCACGGTTCCAC,0
GAATGACAGTCTTT,0
TACATTTTTATGAA,0
GCACATGCCCTGCA,0
GTTTTCAGCTTGAA,0
TTCACAAACTCTGT,0
GGTGATTTCTGCAT,0
GCGATGTTCCCACC,0
TACCACAAACTTAG,0
CTTCAACAAACCAA,0
TATCTCAGTACAGT,0
CCAGCTTTTGCCCA,0
AAAAAAAAAAAAGA,0
GAATAGGTGCTATA,0
TCTAGAAGATCCCC,0
CTCATGCTGAGAGT,0
GCTAGAACCCTGGC,0
CACCAGCAGAAGGC,0
CCTAACTAGAAGCT,0
ACTTATTTACTGCT,0
GATGTCTGTGACAC,0
TCTTAAATAATTCT,0
GGGGATTAAGTTTC,0
GCCTTAGCTTGCTC,0
TTTTCTGACATGAC,0
TTTAGAATTAAGAT,0
GAGCTTTCTAGTGG,0
ATAAAATTGGAGAC,0
TCAGCAGCTACTGA,0
CAAACAGGTCTATA,0
AGCCCAGGAGTTTG,0
AAAGAATAAAATGT,0
CAGTCATAGCTGAT,0
TGATGGGACCGTTT,0
TATTAATTATTTGT,0
ACTGGGTATATACC,0
TTTGCATATTAGAG,0
ACACACACACACAC,0
ATCAATATATTTAT,0
TTATGAGTGAGAAC,0
TATAATATTAGCAA,0
CATACCTGGCTAAT,0
TTTGCTGAAGTTGC,0
GTTCTTTCTGTTCT,0
GTCAGCAGTCATGA,0
CTTGGTTGGAGGTG,0
TACCATCCATAATG,0
TTACAGGGAGGCAT,0
GTTTCCATTTGAAA,0
AGGTAGAGAGTCCC,0
AAATGGTGCTGGGA,0
TGATCAGCCTGGGC,0
GGTGACCAGAGGCT,0
CACGTTTGTGTGCA,0
TAGTCCCAAACTCC,0
TCAGGAATCTCCAT,0
GTGAGCCATGATCA,0
GGTAGAGGGGGAAA,0
TTAAGTGTAAAAAA,0
CACCTCCCGGGTTC,0
GGGAGCTTTGGAAT,0
CAATGCAGTTCATA,0
GCTGGGACTACAGG,0
GCAGTACAGGAGCA,0
TTGAGGCTAGGAGT,0
TTTTTGTATTTTTA,0
TAGTTTACTAGTTT,0
GCCTCAGCCTCCCG,0
CTTCTAAAACCAAA,0
AGAAGTATTTGGCA,0
AGATAGAGAACTCA,0
TTTAGTAGAAACGG,0
GGATTTCTTATTTG,0
GTTCAACATACGCA,0
ACTGATTGATCATT,0
CACCCGGTCGCCAC,0
CGTTAAAAAGTCAG,0
TATTAATTGGTCAT,0
CATGATAGATTTTT,0
CCTTCATCAGCAGA,0
TCGTTCCAGAGAAG,0
CTGCAGGTGAGGGT,0
AATACTAGGTCTTA,0
TCCTCTTCCCTTTC,0
GTGGGTGACCGTAT,0
TAATTACAGTATTG,0
TATTCACTTTAAAA,0
TTAAAATTCCCTTT,0
GCCCCTCCCTGCCT,0
TAGTCCCAGCTACT,0
GTTAGTTTTTCAAT,0
TTATTACAATCAAA,0
ATGACTAGCTGTTT,0
CTTACTTTTTTTCT,0
TTGTAGTGAAAGAT,0
AATATAACGTATCA,0
GCAGGTTCCTCATC,0
TTTGAGACCAGCCT,0
GGGCACTGCTCTCA,0
CTATACTTATTCAC,0
GGCACAATCTCAGC,0
TTTAACATCTAATT,0
TTAGATGTTCTGGG,0
TGAGTCAATCCCAC,0
CTATCTATCTAGAT,0
CTTGTACCTATTTC,0
ATTCCATTAAATAA,0
GGTAATTACAAATG,0
TGACCTCTTCAAGG,0
GTGTATATATACAG,0
AGGTTAATGAACTG,0
GAGGCAGGAGAATC,0
CATTTAGAAGCAGC,0
AAGTCTTTGTGTGA,0
TGAAAGGAAAGAAA,0
AAGTTCAAGACAAG,0
TGGATATTCTCAAA,0
GCCCATCAAAAAGC,0
CAAAATAAGTTATT,0
TCTTCTTAATTCAA,0
AAATCCAACAGATC,0
TACTAAAAATACAA,0
ACCAGCCTGGCCAA,0
AGATTCTAGAACAG,0
CCCATGATCTAAAA,0
AGCCCCTGTCTTGC,0
TTGCAATTGTATTT,0
GAGGGCCACCATCC,0
TCCCTATAATCCCT,0
ATCCATCCCTTAAA,0
TTATGAATACATGT,0
TATCTCATTATGGT,0
TATACATCCACTTA,0
CAGGCTAGTCTTGA,0
AACCTGGCAGTTCC,0
AAAATCTTGAATAA,0
TCCTGATTTTCCAC,0
TGGCTAATCAGGAA,0
TCTTCCTTGGCTTC,0
GCCCCACCTCTGAA,0
GCTCTGGAAGGATC,0
AGTTGTCATAATTA,0
GCAGCAAAGGGCTG,0
TAATTTTTGTAGAG,0
TGGAGAACAAAGTG,0
AATGCTATCCTTCC,0
ATAATTGTCAGATG,0
CCTTCCTTCTCCAT,0
TTCCTCCCCTTTTT,0
CAACATGTTAACAT,0
AAAATACCATTTCC,0
TGATAATGTCTAGA,0
ATTCAAGGCTGATG,0
ACTCCAGCCTGGGC,0
TCTGACAAAGGGCT,0
CCATTTTACACATG,0
TAGAGAAAGGGTTT,0
TCTCCACCATTCTG,0
AGGGCATTTATCAA,0
TTCCAGTCCCTATT,0
TGGGAAGCTTCCAG,0
TGAACGAGGGAAGA,0
GTGGTGCAATCAAG,0
ATTGTATTTATGAC,0
TCTCAGGTTTAGCC,0
AAAACAGAGAGCAG,0
TTCACCCTGGCATT,0
TCCAGGGGCCCCCA,0
TAAATTTACCTCAT,0
GCGCAGGCCGCCGA,0
TATTTTAATGAGGT,0
AAATTTATTCATAA,0
TGCCTGCAGCTTTC,0
GGAATAGGAACAAT,0
TTGGCCGGGCAAAG,0
GAATTTAATGATAC,0
ATCTTAGGCCCTAT,0
CAGCTACTCGGGAG,0
ATATCCAAGACTGC,0
AAGGTTTTGGAAGT,0
CATTAAGACACTAG,0
ATCTATCTCTCCGA,0
TATAAGGAGAAGGT,0
AGATTTTGTTTAAA,0
AAAAAGTAAGTTAT,0
GCGCCGTCCGGCTC,0
TTCCATTGATATGT,0
CACTTGATTTAAAT,0
TGAAAATTTCAAAA,0
ACTAATAACTATCT,0
AATCATAGCCACTA,0
ATTCTCGTTTATGG,0
TTTATAGAAAAAGT,0
CTTGGCCTCCCAAA,0
AAATTTTTTTTCAT,0
ATAATGTGAAGACC,0
AATATGTCACCAGG,0
TTTTGGTGATGAGG,0
TGCCGCAGCAGGAG,0
TTAGTGACCAGAAT,0
TGTGTGGTTTAAAT,0
AGGTAGGCTTGAAT,0
AACTTATGAGTATA,0
ATATTGTTCTTCAA,0
GGCATGGGGACTTG,0
CAGAAAACCCTTTG,0
GATCTTCCAGATTG,0
TTCAGAATTACCAC,0
CAATGTAATGTGGT,0
GCATAGTCCTTATT,0
CAACACCCCTTTGA,0
TGGGAGGCCGAGAT,0
AGCTAATACATTAC,0
CCTCATTTTAAATA,0
AAACCTACCCCCAG,0
CTTTCACTGAGAGC,0
TTAAATGGGCTCAA,0
TGAGAAATACTTGT,0
AACAGGGGTAGGCA,0
AGAAGACAGGCGAG,0
AATGATGGTTTCCA,0
CATACACAATTTGA,0
ATAAGACACCGAAA,0
TTGGAGACCAGCTT,0
GCTGCTGAATTAGG,0
ACTGGGCAATTTAC,0
CAATACTGATTATT,0
TTGAGCCTCTGGAT,0
GGGCATAGTCCCAG,0
TGGGATTACAGGCG,0
CATAAGAAAGATTA,0
CTGGGACTACAGGT,0
TCTTACATTTATTT,0
CCTGGCTCAAGCCA,0
CCGGTCCCACACAG,0
CACCGGCCTCTTAG,0
GGGAGGTGGGCCCA,0
TGGAGACCATCCTG,0
CAAATGGCAAGAGT,0
TTGTTCCTAATGAG,0
AGGACGCGTGTCGT,0
AGGGGGATAACCCG,0
GAAGTTGAGGCTCA,0
TAAGCATGGCATCC,0
GTAAAAGTGCTTTC,0
CCCTCTCACATCTC,0
TCCTGGACCTGGTA,0
GACTCAAAAGGCCC,0
TACTAGAAATACAA,0
TAGTCCTAATAATT,0
AAAGACAGAAAGTA,0
CAGTGGCTCACACC,0
AGGTTATCCTTAGT,0
TACTCGGGAGGCTG,0
ATGCACAAAGGGCC,0
TTATAGAATCCAAA,0
GGGTTCAAGCGATT,0
TGTGTGTGTGTGTG,0
TCAGACCACAGTGG,0
GAGTGTTTGCTGTC,0
CAACAAAAAAAACT,0
CTCCTGGCCCCAAG,0
AGGATATTTTCCAG,0
AAAGCTCCTTATAT,0
TGTGAGTTGGATTA,0
ATTACAGGTGTGAG,0
TCAGCCCAATACAA,0
TATAGAGTTATGTG,0
TGCACGCCTGCAGG,0
TAGAACAAATGTCC,0
AACTTTCTCTTTTC,0
AAGACGTGATTCGC,0
GTTTCATAAAGAAA,0
TGCCCTGTCTGGTA,0
TGGCCAACATACAG,0
GATTGTAGGTGTGA,0
TATTTGATGAATGA,0
ATTATATCAAGTAA,0
TCTCAGACCACAGT,0
TCTGTAAATGGCCT,0
AAAAAAATACTCAG,0
TTTCTAGTAACTTA,0
GCTTTCACATGCCA,0
GGAAAGTACCCTCC,0
TAAGAAAACCACCA,0
TCGGAAATAGCAGT,0
ATTTTATTTCCCTT,0
GTGGTGATTCCTCA,0
GAAAGTGCCTGCTT,0
TTAGCGCTGGAGAC,0
TGTGGCAGCACTCG,0
ATGTAGACATATTT,0
AATTTGGGGTGACT,0
AATTCAGGAGTTTG,0
AATATACAATCTTC,0
CATTTGTAATTGCT,0
CAGCCCCTATTTTT,0
TTGGTTCTTATGGA,0
TTAACCAACTCATA,0
TGTCTATTAGGCCT,0
GAGGCAGCATATGT,0
CCAACTTTGCCAGG,0
GTATTTCCAACATG,0
GCTTGTTCTTCTTG,0
CATTCACTAGTTGT,0
TAAGCAATTCCGCT,0
CATGATATTGGCTA,0
TTTTAATTACATAT,0
ACAGCCAGGTCGCT,0
TTATATAGCTGAAT,0
TATTCAATTAGGAA,0
GATTTTGATTGCCT,0
TTAGTAACAGAATC,0
ATGCTTCTATATCA,0
CTGCAAAATTAAGC,0
TGTTTTCGTATTTT,0
TTGTCAAACTTTCT,0
CTTGCCTAAGGGTA,0
GCTTTGAGACTAGT,0
AACGGGCAGACTGC,0
TACTAACTCACTCT,0
GTATGCACTGACAG,0
CCCATTGTTTTCCT,0
TCGCGCCACTGTAC,0
TACATGGGGCACAG,0
AGCTGAGGTGCTTT,0
GAGAAAAAAATTCC,0
GTCATCGCTGTTGA,0
TTTTTCTCTCATTT,0
AGATTTCTGCACGA,0
TATGTCAAGTACTC,0
TCAGAGCTCGCGCT,0
GCATGATGCTTTTT,0
CATAAGATTCTTAG,0
TTATTGATATCCAA,0
GAGGAGCCGCGGCT,0
TGCCATGGATGCCA,0
TGGTATGGTATGGT,0
CTCTGAGTGTTTAC,0
CAGAAATCCCAGCT,0
ACTCATGATTTGGC,0
TCACTGTGGAGAAC,0
TTGGGCAAAATTAC,0
CTTAACTCATCCCA,0
AGGTGAAGAATTCT,0
AGACTAGATGCATT,0
TTAGGGGACTGATA,0
ATGAAGGATAACTT,0
AAGATATGCCAATG,0
TGAAGAGTTAAGTG,0
CTCTTCTCTCTATC,0
CAATTGTTAAGCAT,0
GCATGTGTTTCCCC,0
GACATAATGCAGTA,0
AGCACTTTGTATAT,0
GTGCACAGCCCAGG,0
TTCAGCATCACAGT,0
CCCTGACTTCTACC,0
TGCTGGCGCATGCC,0
CCAGCTAATTTTTG,0
AGAGTTGATCTCAT,0
GAACTAATATTTGA,0
GTGTTTACAGGGGA,0
CCTCCATTAAAACT,0
CGGTCTTGGAGCTG,0
ACATAGTCATGGTC,0
GTCTCAGCACTTTG,0
GGAGTTATTCCTTA,0
TCATAGACCCAGGA,0
AAACCCGGGTTCTC,0
GGTGTGAGAAAATT,0
AGATATAGAAACCC,0
ACTCCTCACACCAA,0
TTGGATTTATATGT,0
TAATATGTTCATAT,0
CTTACAGCTTATAC,0
TCACAAAGGTGTCA,0
TGAGGAGATCTCCA,0
ATTTATTTTTTCTT,0
CAACACACACCTGA,0
TGTATGTTTATTGC,0
GCATTTATTACCAT,0
GTCTGAAACATTTA,0
ATTACTTTGTAATT,0
TTATCACTCATTTA,0
ACCACCCAGAAAGC,0
TGCCTGTAATCCCA,0
AGGTGGCTTTCCCC,0
ATCTGCTGGCACCC,0
GACTATGCAGTCAA,0
AGTGCAGTGGTGCG,0
TATTTATCCTGGAT,0
TCATAAGCAGACTT,0
TACATAGTGATGCC,0
ACTAGAGTACAAAC,0
ACTCACTGGAAGGA,0
GTTTTTTTTTCATT,0
CTGTAAAGACTTTA,0
GCGGAGCGAGCGCC,0
TTGAAATGATATCT,0
TAATTGACATTGCT,0
TTTTGTAATAATAT,0
CTCTGTGCTTCTCC,0
AAGGAAGAACCCAG,0
GCTTCTGGAACATG,0
CGGTGAGCTGAGAT,0
GGAGGTAACTTGGC,0
ATATTTCCAGAGGC,0
GGATTACAGGCGTA,0
CAGTGCTTATGGTA,0
CCCGCTGTCTTTCT,0
GGAAAGAAGAGTCC,0
ACAGGCTCCTTGGG,0
GGAGCTGAGCTCCT,0
TGCGAATCTGTGGT,0
AGGCAGGAGAATCA,0
AAAGTAGGAAGTCT,0
ATCTCTCTGGCTCC,0
ATTTCACACCTAGG,0
CTGCAGAATTAGGA,0
TAAATTAATTGAAA,0
CATGGCTGGGGAGG,0
TTAGCAGATTCCAA,0
AATGATGAGTTAAT,0
CGCTTGAACCCAGG,0
TAGTTCATTATTTC,0
TCCCAAAGCGCCTT,0
AGGCTGGAGTGCAG,0
TGAGTCTTTGACAT,0
CTTCCATTAAAAGA,0
GAAAACATTTTCAG,0
ACACAGGGTCTTAC,0
ATTCATTAGCTGAG,0
CTGGGACCCTCTGT,0
TCAGTGTAGGGAAA,0
GATTTGAAAAATGA,0
TGTGACACCGCACA,0
TGTTGCTGCTTAGC,0
TGGACTAAAGGACT,0
CAGCATTTCAGGAT,0
TTAATATTTTTGGA,0
ATGGTAGGTGGCCC,0
CAACAAAAAATTGG,0
CTTATGTACAATGA,0
CTCAATGGGTATTT,0
CAGTTGGATGTCTT,0
AGTGGATAAACCTG,0
TTCTGAATATTTTG,0
GTTGCAGCTGAAAG,0
AGACTTTTAAGGTC,0
ATCTGCCCGCCTCA,0
CAGTCAGGACCTAA,0
AATTTTATGAGGTA,0
TGTTCTTGCTCAGT,0
TCATCACACTTCGC,0
ATATCACAAACAAA,0
TTTGGATTACAAAA,0
AAACATAACACCTC,0
GGGAGAGAGAGAAA,0
TTACTCTAAACCTG,0
TAGTTTATTTATAT,0
GGCTGCCATGAAAG,0
TTTTGGAGAGTAAT,0
AGAGACACTGTGGC,0
CCAAGTCTTTCAGG,0
TATACCTTTATTAT,0
CCGACCTCAGGCGA,0
CATCGTGAGCAAAC,0
AGCACTTTGGGAGG,0
TATTCTGCTGTTTT,0
ACACATAAAAACAT,0
TCTGAGCTTGGTGC,0
TTATTACTATTACT,0
CAGCTGTGATACAT,0
AGGGTAAAGCACCA,0
GAATCCAAGTTTCC,0
CAGGCACCAGCCAC,0
CACAATCACACACA,0
ATAATTTTACAAAG,0
GTGTTTTTCAGCTC,0
GAAAAAATATGTAG,0
TTTTTCCTTAAACA,0
ATTTTGAAGCAATA,0
TGATAGGATAAGCA,0
CTCATCTTGAATTG,0
ATTAGTCCTTAATA,0
CATCAAAGACTACA,0
GCTCAGAGAATGTT,0
CACCTTACCCCAGC,0
TTTATTGAACCATA,0
AAGGAATTTTAAGA,0
AATGTGTCTGGACT,0
TGGTAAGAAGCAGA,0
CCTTTGGATTGAGA,0
GAAAAGATTTAGGG,0
GCAAGCCACTGAGT,0
TCATTCAGTGAAGG,0
AAAACCATAAAAAG,0
TGTAAAGATTAACG,0
TTACAATAGCTACA,0
AAAAATTTTTTAAG,0
AATTCACAATTATT,0
ATCACTAGGTCAGG,0
TCTGGCAAGCACCT,0
AAGTGTATTTTCCC,0
CACAGGTTCATGAA,0
CTAACACAACAAAA,0
CTTTTCTCCCCAGG,0
TGCAACAGGATCTC,0
TGACAGATGTGATA,0
ACATACATACATAC,0
ATTGGTGTATAAGA,0
AAAGGCATTAATTA,0
GAGGGTAGAGGGTT,0
TAGGTCAAATTGGT,0
GGGCCAGCAGCAGC,0
CTTTTTCTCATTCT,0
TGAATAATTCTGTT,0
GTAAGCCTTAATGA,0
AAAACACTAGGAAA,0
AGATAGAGATATAT,0
ATGATATAACATAT,0
CCCTTGATGACACT,0
AAATGACATATCCT,0
TACAAAAGAGGAGG,0
ATCTCATTGTAGAT,0
TTCATATGTTAAGA,0
GCCAGTAGAGTAGA,0
CTGAACTGATTCGC,0
AAGCAAACCAAAAA,0
GCAAGTCCCTTCTG,0
GAAGAGGGCATCAG,0
AGAATCACTTGAAC,0
CCTTCCTTTGCAGC,0
CCATGTATCAAAAT,0
TTAAGTAATTCAAA,0
TTTGCCTTTTCCAG,0
TCAGTGGCCAGTAA,0
CACAAAAGGACAAA,0
TGGTAAACCACACG,0
CTAAACTAATTTGT,0
GCTGCCGGTGCCAT,0
AAATTAGCCGGGCG,0
AGGGCTGAGGCTAA,0
GATAATTTTTGAAT,0
CTAGGGGGTCTTGA,0
ACACATGTGAGCCA,0
CATTGGTCTTGCTA,0
ATGAATAACGAAAG,0
TGACGAGTTAGTGG,0
ACCAGATAGCTGAT,0
TAGGAGACAGGTAT,0
TGCAAAAACACCAT,0
CATCTGGTGGTTCC,0
CAAGTGAATACTGC,0
GAATAGCCCTCAAG,0
TTCCTCTTGCCTTC,0
CTAACAGGCACAGC,0
CTAGGAAAATCTAT,0
TTTAACATGAGCTA,0
AAAAAAAAATTTTT,0
AACATGACAAATCT,0
TCTCAACGCTCTTC,0
TCCAGCAAACTCCA,0
TGTTAGCCAGGGTG,0
TGCCCAGGCTAGAG,0
GTGTGAGCCACTGT,0
GATAAGAAAATGAG,0
AAACTATAAAAATA,0
TGGAAGACTCAGTA,0
AATCAAAAGGGTAC,0
GGAACTTTCGTGTA,0
TAGCACAGAGTAGA,0
TATTTTTCTTAGGA,0
GAGTCTGGGTCATA,0
GGATTTCAGTGTAG,0
CTGAGCACCATCCT,0
ATTAGTTCAGAAAC,0
TCTTTATTATTCAT,0
AATGGATTCTGCCT,0
CCAGGGAGGAGGCG,0
AGGTGAGAGACAGA,0
CTGTCTTGCTGGCC,0
CGTCGCACCCTCAA,0
GGTAAGTAAGAGCC,0
GACCTATCAACATT,0
CACTAGCTCCTTTC,0
GATTTGAGGGTCTT,0
GGGGGCAGGGGCAT,0
TGGCACATAGGGAT,0
TAATTTTTTGTATT,0
AAACTCCAATATCC,0
TTTTTTGGATATTT,0
ACTATTCCACCAGA,0
TTTTGGCCAGGCTG,0
GAATGAACAAATAT,0
ATTTGAGATTCAGC,0
TATATAATTTTTAT,0
CCCATCATTGCCAC,0
GTCAGAATTTCTCC,0
AATGAGGCATGAAC,0
AGGGATGCAGAGTT,0
CATAAATTTCCTCT,0
AAAACTCTCAATAA,0
GTGTGAGACCCCAG,0
GTGGTGGCATGTGC,0
GCAAGTGTAAACAT,0
GGGGCAGAGGCGCT,0
TTGTGTTTCTCTTT,0
TGATGTCATGTTTT,0
CCGTGTTGATGGAA,0
TGTAAGTTCTGAAA,0
GGAGATGGAAGAAC,0
TGACTTTGGATTAA,0
AACGAGATTAAAGA,0
GGCTAGAGTGCAGT,0
AGCGATTCTCCTGC,0
GAGAAGAGCCATTG,0
TGCCAGGTGGAGCC,0
CATTCGAATGGGGC,0
TCAAGTTTTGAGAG,0
TACATTTTTACCAT,0
TGACTGAATTAAGG,0
GCATTTCTCTAACG,0
GCCAACTTTAGGAA,0
GAGTCATTTGTCCA,0
GATGAAATTTAGAG,0
AAATATATGCAATT,0
GTCTAACCAGATAA,0
TCATTTCTTTTATG,0
TTCTTTCACATGAC,0
TAATCACCCACTAA,0
GAGTGTGCAAATAT,0
CCCGTGCGGACACT,0
CAGACGAGACTGAG,0
GTTCTGATTCTGCT,0
CCTGCATATAAACA,0
ATTTAAACATAAAT,0
TTTGAGATCCTCGG,0
TGGTATATAGTTTC,0
AGAATGTTGCAGCC,0
CTAGATATCAATTC,0
ATTTTTTTTTTTTT,0
CCCCACCTCCTCTA,0
ATGGAATCATGTTG,0
ATCCCTAAGTACCT,0
GACTTGGGGCTGCA,0
GAGAATTGCTTGAA,0
CACAGAAAAGACTG,0
TCGTTTATTTATTT,0
TGAAATCAGAATTT,0
CATGAGAACTGCAT,0
ATAAGACCATACAA,0
AGATGGTATTGAAA,0
TATTCTCTTGAATT,0
ATAAAACTTAGTGA,0
CTGATTTTGATGAA,0
AAACTATGTCCATG,0
CCTCAGGCCATATG,0
TGTTCTTACAATCC,0
TTTCATTAAATTTC,0
TAATCCCAGCATTT,0
ATCACAACTTCTAA,0
CTACAGGGGCAGAG,0
AGGACTGAAGTTTT,0
AATGAGAAAATAAC,0
AGAGGAAACGGCTC,0
CCATCTTCGTTTCT,0
TGGGGAGTTTAATG,0
CACCACACATTTTA,0
CCAGCCTTCTTGGA,0
TGGCTAGAGATATT,0
TAGTAACTGTTGAA,0
TGTAAGTGTTCCTG,0
ATGGCAGGGCGACC,0
AAATCAAATAAATA,0
ACAGCATCAGACCT,0
ATAGCGTTGCCTCT,0
GTGATGATGATCAT,0
ACTCTTGGAGCCCG,0
ACCTTCTATGTTTT,0
AGTAACTTAGCAAG,0
TAGGCATGGTGGTA,0
AGACTGAAGCTCCA,0
CATCTTCACACTTA,0
GCTTGATTCAATAA,0
GTGGGCGGTGCAGG,0
TCCTCCCCACTAAC,0
CAAGGTCACCACCC,0
CAGGCGTGAGCCTC,0
GAGTCTGCATGAAC,0
TCTTTTTCCCTACC,0
CTTGGTCTGGGAGC,0
CAGCATCCAGTGAA,0
TGTGCCAACGTGCC,0
AGGCTGGGTGCGGT,0
GAGGGGCCTCGCCG,0
TGATGGAGTGAGAT,0
TGATTTGTCAGTTG,0
AACACATACTAGCC,0
CACCATGTTGGCCA,0
GGATTACAGGCGTG,0
TTAACCTTGACCAC,0
AACACTTAAAATAT,0
TTTATAATCATTTA,0
CATGATTGGGTTCA,0
ATGGACACAGGAAG,0
TTCTTCTTTGCAGT,0
TTAACTATGTGACC,0
TAAGCTTTTTGGAG,0
CTGTAGCATCAACC,0
TCCAGGCGAGAGTC,0
TTCTCTCTCCTCAG,0
GAACAGATGTTGCA,0
CGTGGATGCAGCTG,0
TTTTAATTTGCACT,0
AATTGCAAGATGGT,0
TCCATTATATGTAT,0
TTAGCCGGGCGTGG,0
CTACCACCATGAAT,0
CCATTGCAAGATTT,0
TAGTAAACTTTTGT,0
AAGCTAAAATTTTC,0
